FromNode,ToNode,Weight
142191.0,142195.0,87.02473042149603
142196.0,142218.0,92.03134747045836
