FromNode,ToNode,Weight
933.0,937.0,87.02473042149603
938.0,960.0,92.03134747045836
